amount,ccy,clientEGFN,clientName,finCenter,iApplyId,product,refferingFinCenter
10000,BGN,123456789,"ЕТ ""Александър Стаматов Саралийски-САШО101""",171,BL101,Бизнес револвираща линия,181
50000,EUR,1234567890,Гроздан Емилов Гроздев,181,ML202,Ипотечен кредит,
20000,BGN,2345678901,Самаркаландулсунд Хадвибибешчаир Тургунулсунчауш-Оглу,171,ML303,Ипотечен кредит,
30000,EUR,8305020540,Мончо Билалов Петков,171,ML400,Ипотечен кредит,
40000,EUR,8305020541,Трончо Шматков Делибозев,181,ML401,Ипотечен кредит,
40000,EUR,8305020542,Шпиончо Петков Лаладжиев,181,ML402,Ипотечен кредит,
45000,BGN,8305020543,Мирончо Генадиев Луков,171,ML403,Ипотечен кредит,
10000,BGN,234567890,Пием пеем пушим ООД,161,BL102,Бизнес револвираща линия,181
10000,EUR,3456789012,Милионерче ЕООД,181,BL103,Бизнес револвираща линия,161
10000,EUR,4567890123,Гарджока ЕООД,171,BL104,Бизнес револвираща линия,
10000,BGN,123456789,"ЕТ ""Александър Стаматов Саралийски\САШО101""",171,BL404,Бизнес револвираща линия,181
10000,BGN,100000001,Си ес ви 1,171,BL1001,Бизнес кредит,
10001,BGN,100000011,Си ес ви 2,181,BL1002,Бизнес кредит,
10002,BGN,100000021,Си ес ви 3,161,BL1003,Бизнес кредит,
10003,BGN,100000031,Си ес ви 4,161,BL1004,Бизнес кредит,
10004,BGN,100000041,Си ес ви 5,171,BL1005,Бизнес револвираща линия,
10005,BGN,100000051,Си ес ви 6,181,BL1006,Бизнес револвираща линия,
10006,BGN,100000061,Си ес ви 7,161,BL1007,Бизнес револвираща линия,
10007,BGN,100000071,Си ес ви 8,161,BL1008,Бизнес револвираща линия,
10008,BGN,100000081,Си ес ви 9,171,BL1009,Бизнес кредит,
10009,BGN,100000091,Си ес ви 10,181,BL1010,Бизнес кредит,
10010,BGN,100000101,Си ес ви 11,161,BL1011,Бизнес кредит,
10001,BGN,100000011,Си ес ви 12,161,BL1012,Бизнес кредит,
10002,BGN,100000021,Си ес ви 13,171,BL1013,Бизнес кредит,
10003,BGN,100000031,Си ес ви 14,181,BL1014,Бизнес кредит,
10004,BGN,100000041,Си ес ви 15,161,BL1015,Бизнес кредит,
10005,BGN,100000051,Си ес ви 16,161,BL1016,Бизнес кредит,
10006,BGN,100000061,Си ес ви 17,171,BL1017,Бизнес кредит,
10007,BGN,100000071,Си ес ви 18,181,BL1018,Бизнес кредит,
10008,BGN,100000081,Си ес ви 19,161,BL1019,Бизнес кредит,
10009,BGN,100000091,Си ес ви 20,171,BL1020,Бизнес кредит,
10010,BGN,100000101,Си ес ви 21,181,BL1021,Бизнес кредит,
10011,BGN,100000111,Си ес ви 22,161,BL1022,Бизнес кредит,
10012,BGN,100000121,Си ес ви 23,161,BL1023,Бизнес кредит,
10013,BGN,100000131,Си ес ви 24,171,BL1024,Бизнес кредит,
10014,BGN,100000141,Си ес ви 25,181,BL1025,Бизнес кредит,
10015,BGN,100000151,Си ес ви 26,161,BL1026,Бизнес кредит,
10016,BGN,100000161,Си ес ви 27,161,BL1027,Бизнес кредит,
10017,BGN,100000171,Си ес ви 28,171,BL1028,Бизнес кредит,
10018,BGN,100000181,Си ес ви 29,181,BL1029,Бизнес кредит,
10019,BGN,100000191,Си ес ви 30,161,BL1030,Бизнес кредит,
10020,BGN,100000201,Си ес ви 31,161,BL1031,Бизнес кредит,
10021,BGN,100000211,Си ес ви 32,171,BL1032,Бизнес кредит,
10022,BGN,100000221,Си ес ви 33,181,BL1033,Бизнес кредит,
10023,BGN,100000231,Си ес ви 34,161,BL1034,Бизнес кредит,
10024,BGN,100000241,Си ес ви 35,161,BL1035,Бизнес кредит,
10025,BGN,100000251,Си ес ви 36,171,BL1036,Бизнес кредит,
10026,BGN,100000261,Си ес ви 37,181,BL1037,Бизнес кредит,
10027,BGN,100000271,Си ес ви 38,161,BL1038,Бизнес кредит,
10028,BGN,100000281,Си ес ви 39,171,BL1039,Бизнес кредит,
10029,BGN,100000291,Си ес ви 40,181,BL1040,Бизнес кредит,
10030,BGN,100000301,Си ес ви 41,161,BL1041,Бизнес кредит,
10031,BGN,100000311,Си ес ви 42,161,BL1042,Бизнес кредит,
10032,BGN,100000321,Си ес ви 43,171,BL1043,Бизнес кредит,
10033,BGN,100000331,Си ес ви 44,181,BL1044,Бизнес кредит,
10034,BGN,100000341,Си ес ви 45,161,BL1045,Бизнес кредит,
10035,BGN,100000351,Си ес ви 46,161,BL1046,Бизнес кредит,
10036,BGN,100000361,Си ес ви 47,171,BL1047,Бизнес кредит,
10037,BGN,100000371,Си ес ви 48,181,BL1048,Бизнес кредит,
10038,BGN,100000381,Си ес ви 49,161,BL1049,Бизнес кредит,
10039,BGN,100000391,Си ес ви 50,161,BL1050,Бизнес кредит,
10040,BGN,100000401,Си ес ви 51,171,BL1051,Бизнес кредит,
10041,BGN,100000411,Си ес ви 52,181,BL1052,Бизнес кредит,
10042,BGN,100000421,Си ес ви 53,161,BL1053,Бизнес кредит,
10043,BGN,100000431,Си ес ви 54,161,BL1054,Бизнес кредит,
10044,BGN,100000441,Си ес ви 55,171,BL1055,Бизнес кредит,
10045,BGN,100000451,Си ес ви 56,181,BL1056,Бизнес кредит,
10046,BGN,100000461,Си ес ви 57,161,BL1057,Бизнес кредит,
10047,BGN,100000471,Си ес ви 58,171,BL1058,Бизнес кредит,
10048,BGN,100000481,Си ес ви 59,181,BL1059,Бизнес кредит,
10049,BGN,100000491,Си ес ви 60,171,BL1060,Бизнес кредит,
10050,BGN,100000501,Си ес ви 61,171,BL1061,Бизнес кредит,
10051,BGN,100000511,Си ес ви 62,181,BL1062,Бизнес кредит,
10052,BGN,100000521,Си ес ви 63,181,BL1063,Бизнес кредит,
10053,BGN,100000531,Си ес ви 64,171,BL1064,Бизнес кредит,
10054,BGN,100000541,Си ес ви 65,161,BL1065,Бизнес кредит,
10055,BGN,100000551,Си ес ви 66,181,BL1066,Бизнес кредит,
10056,BGN,100000561,Си ес ви 67,171,BL1067,Бизнес кредит,
10057,BGN,100000571,Си ес ви 68,171,BL1068,Бизнес кредит,
10058,BGN,100000581,Си ес ви 69,171,BL1069,Бизнес кредит,
10059,BGN,100000591,Си ес ви 70,181,BL1070,Бизнес кредит,
10060,BGN,100000601,Си ес ви 71,161,BL1071,Бизнес кредит,
10061,BGN,100000611,Си ес ви 72,161,BL1072,Бизнес кредит,
10062,BGN,100000621,Си ес ви 73,171,BL1073,Бизнес кредит,
10063,BGN,100000631,Си ес ви 74,181,BL1074,Бизнес кредит,
10064,BGN,100000641,Си ес ви 75,161,BL1075,Бизнес кредит,
10065,BGN,100000651,Си ес ви 76,161,BL1076,Бизнес кредит,
10066,BGN,100000661,Си ес ви 77,171,BL1077,Бизнес кредит,
10067,BGN,100000671,Си ес ви 78,181,BL1078,Бизнес кредит,
10068,BGN,100000681,Си ес ви 79,161,BL1079,Бизнес кредит,
10069,BGN,100000691,Си ес ви 80,161,BL1080,Бизнес кредит,
10070,BGN,100000701,Си ес ви 81,171,BL1081,Бизнес кредит,
10071,BGN,100000711,Си ес ви 82,181,BL1082,Бизнес кредит,
10072,BGN,100000721,Си ес ви 83,161,BL1083,Бизнес кредит,
10073,BGN,100000731,Си ес ви 84,161,BL1084,Бизнес кредит,
10074,BGN,100000741,Си ес ви 85,171,BL1085,Бизнес кредит,
10075,BGN,100000751,Си ес ви 86,181,BL1086,Бизнес кредит,
10076,BGN,100000761,Си ес ви 87,161,BL1087,Бизнес кредит,
10077,BGN,100000771,Си ес ви 88,171,BL1088,Бизнес кредит,
10078,BGN,100000781,Си ес ви 89,181,BL1089,Бизнес кредит,
10079,BGN,100000791,Си ес ви 90,161,BL1090,Бизнес кредит,
10080,BGN,100000801,Си ес ви 91,161,BL1091,Бизнес кредит,
10081,BGN,100000811,Си ес ви 92,171,BL1092,Бизнес кредит,
10082,BGN,100000821,Си ес ви 93,181,BL1093,Бизнес кредит,
10083,BGN,100000831,Си ес ви 94,161,BL1094,Бизнес кредит,
10084,BGN,100000841,Си ес ви 95,161,BL1095,Бизнес кредит,
10085,BGN,100000851,Си ес ви 96,171,BL1096,Бизнес кредит,
10086,BGN,100000861,Си ес ви 97,181,BL1097,Бизнес кредит,
10087,BGN,100000871,Си ес ви 98,161,BL1098,Бизнес кредит,
10088,BGN,100000881,Си ес ви 99,161,BL1099,Бизнес кредит,
10089,BGN,100000891,Си ес ви 100,171,BL1100,Бизнес кредит,
10090,BGN,100000901,Си ес ви 101,181,BL1101,Бизнес кредит,
10091,BGN,100000911,Си ес ви 102,161,BL1102,Бизнес кредит,
10092,BGN,100000921,Си ес ви 103,161,BL1103,Бизнес кредит,
10093,BGN,100000931,Си ес ви 104,171,BL1104,Бизнес кредит,
10094,BGN,100000941,Си ес ви 105,181,BL1105,Бизнес кредит,
10095,BGN,100000951,Си ес ви 106,161,BL1106,Бизнес кредит,
10096,BGN,100000961,Си ес ви 107,171,BL1107,Бизнес кредит,
10097,BGN,100000971,Си ес ви 108,181,BL1108,Бизнес кредит,
10098,BGN,100000981,Си ес ви 109,161,BL1109,Бизнес кредит,
10099,BGN,100000991,Си ес ви 110,161,BL1110,Бизнес кредит,
10100,BGN,100001001,Си ес ви 111,171,BL1111,Бизнес кредит,
10101,BGN,100001011,Си ес ви 112,181,BL1112,Бизнес кредит,
10102,BGN,100001021,Си ес ви 113,161,BL1113,Бизнес кредит,
10103,BGN,100001031,Си ес ви 114,161,BL1114,Бизнес кредит,
10104,BGN,100001041,Си ес ви 115,171,BL1115,Бизнес кредит,
10105,BGN,100001051,Си ес ви 116,181,BL1116,Бизнес кредит,
10106,BGN,100001061,Си ес ви 117,161,BL1117,Бизнес кредит,
10107,BGN,100001071,Си ес ви 118,161,BL1118,Бизнес кредит,
10108,BGN,100001081,Си ес ви 119,171,BL1119,Бизнес кредит,
10109,BGN,100001091,Си ес ви 120,181,BL1120,Бизнес кредит,
10110,BGN,100001101,Си ес ви 121,161,BL1121,Бизнес кредит,
10111,BGN,100001111,Си ес ви 122,161,BL1122,Бизнес кредит,
10112,BGN,100001121,Си ес ви 123,171,BL1123,Бизнес кредит,
10113,BGN,100001131,Си ес ви 124,181,BL1124,Бизнес кредит,
10114,BGN,100001141,Си ес ви 125,161,BL1125,Бизнес кредит,
10115,BGN,100001151,Си ес ви 126,171,BL1126,Бизнес кредит,
10116,BGN,100001161,Си ес ви 127,181,BL1127,Бизнес кредит,
10117,BGN,100001171,Си ес ви 128,171,BL1128,Бизнес кредит,
10118,BGN,100001181,Си ес ви 129,171,BL1129,Бизнес кредит,
10119,BGN,100001191,Си ес ви 130,181,BL1130,Бизнес кредит,
10120,BGN,100001201,Си ес ви 131,181,BL1131,Бизнес кредит,
10121,BGN,100001211,Си ес ви 132,171,BL1132,Бизнес кредит,
10122,BGN,100001221,Си ес ви 133,161,BL1133,Бизнес кредит,
10123,BGN,100001231,Си ес ви 134,181,BL1134,Бизнес кредит,
10124,BGN,100001241,Си ес ви 135,171,BL1135,Бизнес кредит,
10125,BGN,100001251,Си ес ви 136,171,BL1136,Бизнес кредит,
10126,BGN,100001261,Си ес ви 137,171,BL1137,Бизнес кредит,
10127,BGN,100001271,Си ес ви 138,181,BL1138,Бизнес кредит,
10128,BGN,100001281,Си ес ви 139,161,BL1139,Бизнес кредит,
10129,BGN,100001291,Си ес ви 140,161,BL1140,Бизнес кредит,
10130,BGN,100001301,Си ес ви 141,171,BL1141,Бизнес кредит,
10131,BGN,100001311,Си ес ви 142,181,BL1142,Бизнес кредит,
10132,BGN,100001321,Си ес ви 143,161,BL1143,Бизнес кредит,
10133,BGN,100001331,Си ес ви 144,161,BL1144,Бизнес кредит,
10134,BGN,100001341,Си ес ви 145,171,BL1145,Бизнес кредит,
10135,BGN,100001351,Си ес ви 146,181,BL1146,Бизнес кредит,
10136,BGN,100001361,Си ес ви 147,161,BL1147,Бизнес кредит,
10137,BGN,100001371,Си ес ви 148,161,BL1148,Бизнес кредит,
10138,BGN,100001381,Си ес ви 149,171,BL1149,Бизнес кредит,
10139,BGN,100001391,Си ес ви 150,181,BL1150,Бизнес кредит,
10140,BGN,100001401,Си ес ви 151,161,BL1151,Бизнес кредит,
10141,BGN,100001411,Си ес ви 152,161,BL1152,Бизнес кредит,
10142,BGN,100001421,Си ес ви 153,171,BL1153,Бизнес кредит,
10143,BGN,100001431,Си ес ви 154,181,BL1154,Бизнес кредит,
10144,BGN,100001441,Си ес ви 155,161,BL1155,Бизнес кредит,
10145,BGN,100001451,Си ес ви 156,171,BL1156,Бизнес кредит,
10146,BGN,100001461,Си ес ви 157,181,BL1157,Бизнес кредит,
10147,BGN,100001471,Си ес ви 158,161,BL1158,Бизнес кредит,
10148,BGN,100001481,Си ес ви 159,161,BL1159,Бизнес кредит,
10149,BGN,100001491,Си ес ви 160,171,BL1160,Бизнес кредит,
10150,BGN,100001501,Си ес ви 161,181,BL1161,Бизнес кредит,
10151,BGN,100001511,Си ес ви 162,161,BL1162,Бизнес кредит,
10152,BGN,100001521,Си ес ви 163,161,BL1163,Бизнес кредит,
10153,BGN,100001531,Си ес ви 164,171,BL1164,Бизнес кредит,
10154,BGN,100001541,Си ес ви 165,181,BL1165,Бизнес кредит,
10155,BGN,100001551,Си ес ви 166,161,BL1166,Бизнес кредит,
10156,BGN,100001561,Си ес ви 167,161,BL1167,Бизнес кредит,
10157,BGN,100001571,Си ес ви 168,171,BL1168,Бизнес кредит,
10158,BGN,100001581,Си ес ви 169,181,BL1169,Бизнес кредит,
10159,BGN,100001591,Си ес ви 170,161,BL1170,Бизнес кредит,
10160,BGN,100001601,Си ес ви 171,161,BL1171,Бизнес кредит,
10161,BGN,100001611,Си ес ви 172,171,BL1172,Бизнес кредит,
10162,BGN,100001621,Си ес ви 173,181,BL1173,Бизнес кредит,
10163,BGN,100001631,Си ес ви 174,161,BL1174,Бизнес кредит,
10164,BGN,100001641,Си ес ви 175,171,BL1175,Бизнес кредит,
10165,BGN,100001651,Си ес ви 176,181,BL1176,Бизнес кредит,
10166,BGN,100001661,Си ес ви 177,161,BL1177,Бизнес кредит,
10167,BGN,100001671,Си ес ви 178,161,BL1178,Бизнес кредит,
10168,BGN,100001681,Си ес ви 179,171,BL1179,Бизнес кредит,
10169,BGN,100001691,Си ес ви 180,181,BL1180,Бизнес кредит,
10170,BGN,100001701,Си ес ви 181,161,BL1181,Бизнес кредит,
10171,BGN,100001711,Си ес ви 182,161,BL1182,Бизнес кредит,
10172,BGN,100001721,Си ес ви 183,171,BL1183,Бизнес кредит,
10173,BGN,100001731,Си ес ви 184,181,BL1184,Бизнес кредит,
10174,BGN,100001741,Си ес ви 185,161,BL1185,Бизнес кредит,
10175,BGN,100001751,Си ес ви 186,161,BL1186,Бизнес кредит,
10176,BGN,100001761,Си ес ви 187,171,BL1187,Бизнес кредит,
10177,BGN,100001771,Си ес ви 188,181,BL1188,Бизнес кредит,
10178,BGN,100001781,Си ес ви 189,161,BL1189,Бизнес кредит,
10179,BGN,100001791,Си ес ви 190,161,BL1190,Бизнес кредит,
10180,BGN,100001801,Си ес ви 191,171,BL1191,Бизнес кредит,
10181,BGN,100001811,Си ес ви 192,181,BL1192,Бизнес кредит,
10182,BGN,100001821,Си ес ви 193,161,BL1193,Бизнес кредит,
10183,BGN,100001831,Си ес ви 194,171,BL1194,Бизнес кредит,
10184,BGN,100001841,Си ес ви 195,181,BL1195,Бизнес кредит,
10185,BGN,100001851,Си ес ви 196,171,BL1196,Бизнес кредит,
10186,BGN,100001861,Си ес ви 197,171,BL1197,Бизнес кредит,
10187,BGN,100001871,Си ес ви 198,181,BL1198,Бизнес кредит,
10188,BGN,100001881,Си ес ви 199,181,BL1199,Бизнес кредит,
10189,BGN,100001891,Си ес ви 200,171,BL1200,Бизнес кредит,
10190,BGN,100001901,Си ес ви 201,161,BL1201,Бизнес кредит,
10191,BGN,100001911,Си ес ви 202,181,BL1202,Бизнес кредит,
10192,BGN,100001921,Си ес ви 203,171,BL1203,Бизнес кредит,
10193,BGN,100001931,Си ес ви 204,171,BL1204,Бизнес кредит,
10194,BGN,100001941,Си ес ви 205,171,BL1205,Бизнес кредит,
10195,BGN,100001951,Си ес ви 206,181,BL1206,Бизнес кредит,
10196,BGN,100001961,Си ес ви 207,161,BL1207,Бизнес кредит,
10197,BGN,100001971,Си ес ви 208,161,BL1208,Бизнес кредит,
10198,BGN,100001981,Си ес ви 209,171,BL1209,Бизнес кредит,
10199,BGN,100001991,Си ес ви 210,181,BL1210,Бизнес кредит,
10200,BGN,100002001,Си ес ви 211,161,BL1211,Бизнес кредит,
10201,BGN,100002011,Си ес ви 212,161,BL1212,Бизнес кредит,
10202,BGN,100002021,Си ес ви 213,171,BL1213,Бизнес кредит,
10203,BGN,100002031,Си ес ви 214,181,BL1214,Бизнес кредит,
10204,BGN,100002041,Си ес ви 215,161,BL1215,Бизнес кредит,
10205,BGN,100002051,Си ес ви 216,161,BL1216,Бизнес кредит,
10206,BGN,100002061,Си ес ви 217,171,BL1217,Бизнес кредит,
10207,BGN,100002071,Си ес ви 218,181,BL1218,Бизнес кредит,
10208,BGN,100002081,Си ес ви 219,161,BL1219,Бизнес кредит,
10209,BGN,100002091,Си ес ви 220,161,BL1220,Бизнес кредит,
10210,BGN,100002101,Си ес ви 221,171,BL1221,Бизнес кредит,
10211,BGN,100002111,Си ес ви 222,181,BL1222,Бизнес кредит,
10212,BGN,100002121,Си ес ви 223,161,BL1223,Бизнес кредит,
10213,BGN,100002131,Си ес ви 224,171,BL1224,Бизнес кредит,
10214,BGN,100002141,Си ес ви 225,181,BL1225,Бизнес кредит,
10215,BGN,100002151,Си ес ви 226,161,BL1226,Бизнес кредит,
10216,BGN,100002161,Си ес ви 227,161,BL1227,Бизнес кредит,
10217,BGN,100002171,Си ес ви 228,171,BL1228,Бизнес кредит,
10218,BGN,100002181,Си ес ви 229,181,BL1229,Бизнес кредит,
10219,BGN,100002191,Си ес ви 230,161,BL1230,Бизнес кредит,
10220,BGN,100002201,Си ес ви 231,161,BL1231,Бизнес кредит,
10221,BGN,100002211,Си ес ви 232,171,BL1232,Бизнес кредит,
10222,BGN,100002221,Си ес ви 233,181,BL1233,Бизнес кредит,
10223,BGN,100002231,Си ес ви 234,161,BL1234,Бизнес кредит,
10224,BGN,100002241,Си ес ви 235,161,BL1235,Бизнес кредит,
10225,BGN,100002251,Си ес ви 236,171,BL1236,Бизнес кредит,
10226,BGN,100002261,Си ес ви 237,181,BL1237,Бизнес кредит,
10227,BGN,100002271,Си ес ви 238,161,BL1238,Бизнес кредит,
10228,BGN,100002281,Си ес ви 239,161,BL1239,Бизнес кредит,
10229,BGN,100002291,Си ес ви 240,171,BL1240,Бизнес кредит,
10230,BGN,100002301,Си ес ви 241,181,BL1241,Бизнес кредит,
10231,BGN,100002311,Си ес ви 242,161,BL1242,Бизнес кредит,
10232,BGN,100002321,Си ес ви 243,171,BL1243,Бизнес кредит,
10233,BGN,100002331,Си ес ви 244,181,BL1244,Бизнес кредит,
10234,BGN,100002341,Си ес ви 245,161,BL1245,Бизнес кредит,
10235,BGN,100002351,Си ес ви 246,161,BL1246,Бизнес кредит,
10236,BGN,100002361,Си ес ви 247,171,BL1247,Бизнес кредит,
10237,BGN,100002371,Си ес ви 248,181,BL1248,Бизнес кредит,
10238,BGN,100002381,Си ес ви 249,161,BL1249,Бизнес кредит,
10239,BGN,100002391,Си ес ви 250,161,BL1250,Бизнес кредит,
10240,BGN,100002401,Си ес ви 251,171,BL1251,Бизнес кредит,
10241,BGN,100002411,Си ес ви 252,181,BL1252,Бизнес кредит,
10242,BGN,100002421,Си ес ви 253,161,BL1253,Бизнес кредит,
10243,BGN,100002431,Си ес ви 254,161,BL1254,Бизнес кредит,
10244,BGN,100002441,Си ес ви 255,171,BL1255,Бизнес кредит,
10245,BGN,100002451,Си ес ви 256,181,BL1256,Бизнес кредит,
10246,BGN,100002461,Си ес ви 257,161,BL1257,Бизнес кредит,
10247,BGN,100002471,Си ес ви 258,161,BL1258,Бизнес кредит,
10248,BGN,100002481,Си ес ви 259,171,BL1259,Бизнес кредит,
10249,BGN,100002491,Си ес ви 260,181,BL1260,Бизнес кредит,
10250,BGN,100002501,Си ес ви 261,161,BL1261,Бизнес кредит,
10251,BGN,100002511,Си ес ви 262,171,BL1262,Бизнес кредит,
10252,BGN,100002521,Си ес ви 263,181,BL1263,Бизнес кредит,
10253,BGN,100002531,Си ес ви 264,171,BL1264,Бизнес кредит,
10254,BGN,100002541,Си ес ви 265,171,BL1265,Бизнес кредит,
10255,BGN,100002551,Си ес ви 266,181,BL1266,Бизнес кредит,
10256,BGN,100002561,Си ес ви 267,181,BL1267,Бизнес кредит,
10257,BGN,100002571,Си ес ви 268,171,BL1268,Бизнес кредит,
10258,BGN,100002581,Си ес ви 269,161,BL1269,Бизнес кредит,
10259,BGN,100002591,Си ес ви 270,181,BL1270,Бизнес кредит,
10260,BGN,100002601,Си ес ви 271,171,BL1271,Бизнес кредит,
10261,BGN,100002611,Си ес ви 272,171,BL1272,Бизнес кредит,
10262,BGN,100002621,Си ес ви 273,171,BL1273,Бизнес кредит,
10263,BGN,100002631,Си ес ви 274,181,BL1274,Бизнес кредит,
10264,BGN,100002641,Си ес ви 275,161,BL1275,Бизнес кредит,
10265,BGN,100002651,Си ес ви 276,161,BL1276,Бизнес кредит,
10266,BGN,100002661,Си ес ви 277,171,BL1277,Бизнес кредит,
10267,BGN,100002671,Си ес ви 278,181,BL1278,Бизнес кредит,
10268,BGN,100002681,Си ес ви 279,161,BL1279,Бизнес кредит,
10269,BGN,100002691,Си ес ви 280,161,BL1280,Бизнес кредит,
10270,BGN,100002701,Си ес ви 281,171,BL1281,Бизнес кредит,
10271,BGN,100002711,Си ес ви 282,181,BL1282,Бизнес кредит,
10272,BGN,100002721,Си ес ви 283,161,BL1283,Бизнес кредит,
10273,BGN,100002731,Си ес ви 284,161,BL1284,Бизнес кредит,
10274,BGN,100002741,Си ес ви 285,171,BL1285,Бизнес кредит,
10275,BGN,100002751,Си ес ви 286,181,BL1286,Бизнес кредит,
10276,BGN,100002761,Си ес ви 287,161,BL1287,Бизнес кредит,
10277,BGN,100002771,Си ес ви 288,161,BL1288,Бизнес кредит,
10278,BGN,100002781,Си ес ви 289,171,BL1289,Бизнес кредит,
10279,BGN,100002791,Си ес ви 290,181,BL1290,Бизнес кредит,
10280,BGN,100002801,Си ес ви 291,161,BL1291,Бизнес кредит,
10281,BGN,100002811,Си ес ви 292,171,BL1292,Бизнес кредит,
10282,BGN,100002821,Си ес ви 293,181,BL1293,Бизнес кредит,
10283,BGN,100002831,Си ес ви 294,161,BL1294,Бизнес кредит,
10284,BGN,100002841,Си ес ви 295,161,BL1295,Бизнес кредит,
10285,BGN,100002851,Си ес ви 296,171,BL1296,Бизнес кредит,
10286,BGN,100002861,Си ес ви 297,181,BL1297,Бизнес кредит,
10287,BGN,100002871,Си ес ви 298,161,BL1298,Бизнес кредит,
10288,BGN,100002881,Си ес ви 299,161,BL1299,Бизнес кредит,
10289,BGN,100002891,Си ес ви 300,171,BL1300,Бизнес кредит,
10290,BGN,100002901,Си ес ви 301,181,BL1301,Бизнес кредит,
10291,BGN,100002911,Си ес ви 302,161,BL1302,Бизнес кредит,
10292,BGN,100002921,Си ес ви 303,161,BL1303,Бизнес кредит,
10293,BGN,100002931,Си ес ви 304,171,BL1304,Бизнес кредит,
10294,BGN,100002941,Си ес ви 305,181,BL1305,Бизнес кредит,
10295,BGN,100002951,Си ес ви 306,161,BL1306,Бизнес кредит,
10296,BGN,100002961,Си ес ви 307,161,BL1307,Бизнес кредит,
10297,BGN,100002971,Си ес ви 308,171,BL1308,Бизнес кредит,
10298,BGN,100002981,Си ес ви 309,181,BL1309,Бизнес кредит,
10299,BGN,100002991,Си ес ви 310,161,BL1310,Бизнес кредит,
10300,BGN,100003001,Си ес ви 311,171,BL1311,Бизнес кредит,
10301,BGN,100003011,Си ес ви 312,181,BL1312,Бизнес кредит,
10302,BGN,100003021,Си ес ви 313,161,BL1313,Бизнес кредит,
10303,BGN,100003031,Си ес ви 314,161,BL1314,Бизнес кредит,
10304,BGN,100003041,Си ес ви 315,171,BL1315,Бизнес кредит,
10305,BGN,100003051,Си ес ви 316,181,BL1316,Бизнес кредит,
10306,BGN,100003061,Си ес ви 317,161,BL1317,Бизнес кредит,
10307,BGN,100003071,Си ес ви 318,161,BL1318,Бизнес кредит,
10308,BGN,100003081,Си ес ви 319,171,BL1319,Бизнес кредит,
10309,BGN,100003091,Си ес ви 320,181,BL1320,Бизнес кредит,
10310,BGN,100003101,Си ес ви 321,161,BL1321,Бизнес кредит,
10311,BGN,100003111,Си ес ви 322,161,BL1322,Бизнес кредит,
10312,BGN,100003121,Си ес ви 323,171,BL1323,Бизнес кредит,
10313,BGN,100003131,Си ес ви 324,181,BL1324,Бизнес кредит,
10314,BGN,100003141,Си ес ви 325,161,BL1325,Бизнес кредит,
10315,BGN,100003151,Си ес ви 326,161,BL1326,Бизнес кредит,
10316,BGN,100003161,Си ес ви 327,171,BL1327,Бизнес кредит,
10317,BGN,100003171,Си ес ви 328,181,BL1328,Бизнес кредит,
10318,BGN,100003181,Си ес ви 329,161,BL1329,Бизнес кредит,
10319,BGN,100003191,Си ес ви 330,171,BL1330,Бизнес кредит,
10320,BGN,100003201,Си ес ви 331,181,BL1331,Бизнес кредит,
10321,BGN,100003211,Си ес ви 332,171,BL1332,Бизнес кредит,
10322,BGN,100003221,Си ес ви 333,171,BL1333,Бизнес кредит,
10323,BGN,100003231,Си ес ви 334,181,BL1334,Бизнес кредит,
10324,BGN,100003241,Си ес ви 335,181,BL1335,Бизнес кредит,
10325,BGN,100003251,Си ес ви 336,171,BL1336,Бизнес кредит,
10326,BGN,100003261,Си ес ви 337,161,BL1337,Бизнес кредит,
10327,BGN,100003271,Си ес ви 338,181,BL1338,Бизнес кредит,
10328,BGN,100003281,Си ес ви 339,171,BL1339,Бизнес кредит,
10329,BGN,100003291,Си ес ви 340,171,BL1340,Бизнес кредит,
10330,BGN,100003301,Си ес ви 341,171,BL1341,Бизнес кредит,
10331,BGN,100003311,Си ес ви 342,181,BL1342,Бизнес кредит,
10332,BGN,100003321,Си ес ви 343,161,BL1343,Бизнес кредит,
10333,BGN,100003331,Си ес ви 344,161,BL1344,Бизнес кредит,
10334,BGN,100003341,Си ес ви 345,171,BL1345,Бизнес кредит,
10335,BGN,100003351,Си ес ви 346,181,BL1346,Бизнес кредит,
10336,BGN,100003361,Си ес ви 347,161,BL1347,Бизнес кредит,
10337,BGN,100003371,Си ес ви 348,161,BL1348,Бизнес кредит,
10338,BGN,100003381,Си ес ви 349,171,BL1349,Бизнес кредит,
10339,BGN,100003391,Си ес ви 350,181,BL1350,Бизнес кредит,
10340,BGN,100003401,Си ес ви 351,161,BL1351,Бизнес кредит,
10341,BGN,100003411,Си ес ви 352,161,BL1352,Бизнес кредит,
10342,BGN,100003421,Си ес ви 353,171,BL1353,Бизнес кредит,
10343,BGN,100003431,Си ес ви 354,181,BL1354,Бизнес кредит,
10344,BGN,100003441,Си ес ви 355,161,BL1355,Бизнес кредит,
10345,BGN,100003451,Си ес ви 356,161,BL1356,Бизнес кредит,
10346,BGN,100003461,Си ес ви 357,171,BL1357,Бизнес кредит,
10347,BGN,100003471,Си ес ви 358,181,BL1358,Бизнес кредит,
10348,BGN,100003481,Си ес ви 359,161,BL1359,Бизнес кредит,
10349,BGN,100003491,Си ес ви 360,171,BL1360,Бизнес кредит,
10350,BGN,100003501,Си ес ви 361,181,BL1361,Бизнес кредит,
10351,BGN,100003511,Си ес ви 362,161,BL1362,Бизнес кредит,
10352,BGN,100003521,Си ес ви 363,161,BL1363,Бизнес кредит,
10353,BGN,100003531,Си ес ви 364,171,BL1364,Бизнес кредит,
10354,BGN,100003541,Си ес ви 365,181,BL1365,Бизнес кредит,
10355,BGN,100003551,Си ес ви 366,161,BL1366,Бизнес кредит,
10356,BGN,100003561,Си ес ви 367,161,BL1367,Бизнес кредит,
10357,BGN,100003571,Си ес ви 368,171,BL1368,Бизнес кредит,
10358,BGN,100003581,Си ес ви 369,181,BL1369,Бизнес кредит,
10359,BGN,100003591,Си ес ви 370,161,BL1370,Бизнес кредит,
10360,BGN,100003601,Си ес ви 371,161,BL1371,Бизнес кредит,
10361,BGN,100003611,Си ес ви 372,171,BL1372,Бизнес кредит,
10362,BGN,100003621,Си ес ви 373,181,BL1373,Бизнес кредит,
10363,BGN,100003631,Си ес ви 374,161,BL1374,Бизнес кредит,
10364,BGN,100003641,Си ес ви 375,161,BL1375,Бизнес кредит,
10365,BGN,100003651,Си ес ви 376,171,BL1376,Бизнес кредит,
10366,BGN,100003661,Си ес ви 377,181,BL1377,Бизнес кредит,
10367,BGN,100003671,Си ес ви 378,161,BL1378,Бизнес кредит,
10368,BGN,100003681,Си ес ви 379,171,BL1379,Бизнес кредит,
10369,BGN,100003691,Си ес ви 380,181,BL1380,Бизнес кредит,
10370,BGN,100003701,Си ес ви 381,161,BL1381,Бизнес кредит,
10371,BGN,100003711,Си ес ви 382,161,BL1382,Бизнес кредит,
10372,BGN,100003721,Си ес ви 383,171,BL1383,Бизнес кредит,
10373,BGN,100003731,Си ес ви 384,181,BL1384,Бизнес кредит,
10374,BGN,100003741,Си ес ви 385,161,BL1385,Бизнес кредит,
10375,BGN,100003751,Си ес ви 386,161,BL1386,Бизнес кредит,
10376,BGN,100003761,Си ес ви 387,171,BL1387,Бизнес кредит,
10377,BGN,100003771,Си ес ви 388,181,BL1388,Бизнес кредит,
10378,BGN,100003781,Си ес ви 389,161,BL1389,Бизнес кредит,
10379,BGN,100003791,Си ес ви 390,161,BL1390,Бизнес кредит,
10380,BGN,100003801,Си ес ви 391,171,BL1391,Бизнес кредит,
10381,BGN,100003811,Си ес ви 392,181,BL1392,Бизнес кредит,
10382,BGN,100003821,Си ес ви 393,161,BL1393,Бизнес кредит,
10383,BGN,100003831,Си ес ви 394,161,BL1394,Бизнес кредит,
10384,BGN,100003841,Си ес ви 395,171,BL1395,Бизнес кредит,
10385,BGN,100003851,Си ес ви 396,181,BL1396,Бизнес кредит,
10386,BGN,100003861,Си ес ви 397,161,BL1397,Бизнес кредит,
10387,BGN,100003871,Си ес ви 398,171,BL1398,Бизнес кредит,
10388,BGN,100003881,Си ес ви 399,181,BL1399,Бизнес кредит,
10389,BGN,100003891,Си ес ви 400,171,BL1400,Бизнес кредит,
10390,BGN,100003901,Си ес ви 401,171,BL1401,Бизнес кредит,
10391,BGN,100003911,Си ес ви 402,181,BL1402,Бизнес кредит,
10392,BGN,100003921,Си ес ви 403,181,BL1403,Бизнес кредит,
10393,BGN,100003931,Си ес ви 404,171,BL1404,Бизнес кредит,
10394,BGN,100003941,Си ес ви 405,161,BL1405,Бизнес кредит,
10395,BGN,100003951,Си ес ви 406,181,BL1406,Бизнес кредит,
10396,BGN,100003961,Си ес ви 407,171,BL1407,Бизнес кредит,
10397,BGN,100003971,Си ес ви 408,171,BL1408,Бизнес кредит,
10398,BGN,100003981,Си ес ви 409,171,BL1409,Бизнес кредит,
10399,BGN,100003991,Си ес ви 410,181,BL1410,Бизнес кредит,
10400,BGN,100004001,Си ес ви 411,161,BL1411,Бизнес кредит,
10401,BGN,100004011,Си ес ви 412,161,BL1412,Бизнес кредит,
10402,BGN,100004021,Си ес ви 413,171,BL1413,Бизнес кредит,
10403,BGN,100004031,Си ес ви 414,181,BL1414,Бизнес кредит,
10404,BGN,100004041,Си ес ви 415,161,BL1415,Бизнес кредит,
10405,BGN,100004051,Си ес ви 416,161,BL1416,Бизнес кредит,
10406,BGN,100004061,Си ес ви 417,171,BL1417,Бизнес кредит,
10407,BGN,100004071,Си ес ви 418,181,BL1418,Бизнес кредит,
10408,BGN,100004081,Си ес ви 419,161,BL1419,Бизнес кредит,
10409,BGN,100004091,Си ес ви 420,161,BL1420,Бизнес кредит,
10410,BGN,100004101,Си ес ви 421,171,BL1421,Бизнес кредит,
10411,BGN,100004111,Си ес ви 422,181,BL1422,Бизнес кредит,
10412,BGN,100004121,Си ес ви 423,161,BL1423,Бизнес кредит,
10413,BGN,100004131,Си ес ви 424,161,BL1424,Бизнес кредит,
10414,BGN,100004141,Си ес ви 425,171,BL1425,Бизнес кредит,
10415,BGN,100004151,Си ес ви 426,181,BL1426,Бизнес кредит,
10416,BGN,100004161,Си ес ви 427,161,BL1427,Бизнес кредит,
10417,BGN,100004171,Си ес ви 428,171,BL1428,Бизнес кредит,
10418,BGN,100004181,Си ес ви 429,181,BL1429,Бизнес кредит,
10419,BGN,100004191,Си ес ви 430,161,BL1430,Бизнес кредит,
10420,BGN,100004201,Си ес ви 431,161,BL1431,Бизнес кредит,
10421,BGN,100004211,Си ес ви 432,171,BL1432,Бизнес кредит,
10422,BGN,100004221,Си ес ви 433,181,BL1433,Бизнес кредит,
10423,BGN,100004231,Си ес ви 434,161,BL1434,Бизнес кредит,
10424,BGN,100004241,Си ес ви 435,161,BL1435,Бизнес кредит,
10425,BGN,100004251,Си ес ви 436,171,BL1436,Бизнес кредит,
10426,BGN,100004261,Си ес ви 437,181,BL1437,Бизнес кредит,
10427,BGN,100004271,Си ес ви 438,161,BL1438,Бизнес кредит,
10428,BGN,100004281,Си ес ви 439,161,BL1439,Бизнес кредит,
10429,BGN,100004291,Си ес ви 440,171,BL1440,Бизнес кредит,
10430,BGN,100004301,Си ес ви 441,181,BL1441,Бизнес кредит,
10431,BGN,100004311,Си ес ви 442,161,BL1442,Бизнес кредит,
10432,BGN,100004321,Си ес ви 443,161,BL1443,Бизнес кредит,
10433,BGN,100004331,Си ес ви 444,171,BL1444,Бизнес кредит,
10434,BGN,100004341,Си ес ви 445,181,BL1445,Бизнес кредит,
10435,BGN,100004351,Си ес ви 446,161,BL1446,Бизнес кредит,
10436,BGN,100004361,Си ес ви 447,171,BL1447,Бизнес кредит,
10437,BGN,100004371,Си ес ви 448,181,BL1448,Бизнес кредит,
10438,BGN,100004381,Си ес ви 449,161,BL1449,Бизнес кредит,
10439,BGN,100004391,Си ес ви 450,161,BL1450,Бизнес кредит,
10440,BGN,100004401,Си ес ви 451,171,BL1451,Бизнес кредит,
10441,BGN,100004411,Си ес ви 452,181,BL1452,Бизнес кредит,
10442,BGN,100004421,Си ес ви 453,161,BL1453,Бизнес кредит,
10443,BGN,100004431,Си ес ви 454,161,BL1454,Бизнес кредит,
10444,BGN,100004441,Си ес ви 455,171,BL1455,Бизнес кредит,
10445,BGN,100004451,Си ес ви 456,181,BL1456,Бизнес кредит,
10446,BGN,100004461,Си ес ви 457,161,BL1457,Бизнес кредит,
10447,BGN,100004471,Си ес ви 458,161,BL1458,Бизнес кредит,
10448,BGN,100004481,Си ес ви 459,171,BL1459,Бизнес кредит,
10449,BGN,100004491,Си ес ви 460,181,BL1460,Бизнес кредит,
10450,BGN,100004501,Си ес ви 461,161,BL1461,Бизнес кредит,
10451,BGN,100004511,Си ес ви 462,161,BL1462,Бизнес кредит,
10452,BGN,100004521,Си ес ви 463,171,BL1463,Бизнес кредит,
10453,BGN,100004531,Си ес ви 464,181,BL1464,Бизнес кредит,
10454,BGN,100004541,Си ес ви 465,161,BL1465,Бизнес кредит,
10455,BGN,100004551,Си ес ви 466,171,BL1466,Бизнес кредит,
10456,BGN,100004561,Си ес ви 467,181,BL1467,Бизнес кредит,
10457,BGN,100004571,Си ес ви 468,171,BL1468,Бизнес кредит,
10458,BGN,100004581,Си ес ви 469,171,BL1469,Бизнес кредит,
10459,BGN,100004591,Си ес ви 470,181,BL1470,Бизнес кредит,
10460,BGN,100004601,Си ес ви 471,181,BL1471,Бизнес кредит,
10461,BGN,100004611,Си ес ви 472,171,BL1472,Бизнес кредит,
10462,BGN,100004621,Си ес ви 473,161,BL1473,Бизнес кредит,
10463,BGN,100004631,Си ес ви 474,181,BL1474,Бизнес кредит,
10464,BGN,100004641,Си ес ви 475,171,BL1475,Бизнес кредит,
10465,BGN,100004651,Си ес ви 476,171,BL1476,Бизнес кредит,
10466,BGN,100004661,Си ес ви 477,171,BL1477,Бизнес кредит,
10467,BGN,100004671,Си ес ви 478,181,BL1478,Бизнес кредит,
10468,BGN,100004681,Си ес ви 479,161,BL1479,Бизнес кредит,
10469,BGN,100004691,Си ес ви 480,161,BL1480,Бизнес кредит,
10470,BGN,100004701,Си ес ви 481,171,BL1481,Бизнес кредит,
10471,BGN,100004711,Си ес ви 482,181,BL1482,Бизнес кредит,
10472,BGN,100004721,Си ес ви 483,161,BL1483,Бизнес кредит,
10473,BGN,100004731,Си ес ви 484,161,BL1484,Бизнес кредит,
10474,BGN,100004741,Си ес ви 485,171,BL1485,Бизнес кредит,
10475,BGN,100004751,Си ес ви 486,181,BL1486,Бизнес кредит,
10476,BGN,100004761,Си ес ви 487,161,BL1487,Бизнес кредит,
10477,BGN,100004771,Си ес ви 488,161,BL1488,Бизнес кредит,
10478,BGN,100004781,Си ес ви 489,171,BL1489,Бизнес кредит,
10479,BGN,100004791,Си ес ви 490,181,BL1490,Бизнес кредит,
10480,BGN,100004801,Си ес ви 491,161,BL1491,Бизнес кредит,
10481,BGN,100004811,Си ес ви 492,161,BL1492,Бизнес кредит,
10482,BGN,100004821,Си ес ви 493,171,BL1493,Бизнес кредит,
10483,BGN,100004831,Си ес ви 494,181,BL1494,Бизнес кредит,
10484,BGN,100004841,Си ес ви 495,161,BL1495,Бизнес кредит,
10485,BGN,100004851,Си ес ви 496,171,BL1496,Бизнес кредит,
10486,BGN,100004861,Си ес ви 497,181,BL1497,Бизнес кредит,
10487,BGN,100004871,Си ес ви 498,161,BL1498,Бизнес кредит,
10488,BGN,100004881,Си ес ви 499,161,BL1499,Бизнес кредит,
10489,BGN,100004891,Си ес ви 500,171,BL1500,Бизнес кредит,
10490,BGN,100004901,Си ес ви 501,181,BL1501,Бизнес кредит,
10000,BGN,1000000000,Фелю Димчев Фелев 1,161,ML1000,Имотечен кредит,
10001,BGN,1000000001,Фелю Димчев Фелев 2,161,ML1001,Имотечен кредит,
10002,BGN,1000000002,Фелю Димчев Фелев 3,171,ML1002,Имотечен кредит,
10001,BGN,1000000003,Фелю Димчев Фелев 4,171,ML1003,Имотечен кредит,
10002,BGN,1000000004,Фелю Димчев Фелев 5,181,ML1004,Имотечен кредит,
10003,BGN,1000000005,Фелю Димчев Фелев 6,171,ML1005,Имотечен кредит,
10002,BGN,1000000006,Фелю Димчев Фелев 7,171,ML1006,Имотечен кредит,
10003,BGN,1000000007,Фелю Димчев Фелев 8,181,ML1007,Имотечен кредит,
10004,BGN,1000000008,Фелю Димчев Фелев 9,181,ML1008,Имотечен кредит,
10003,BGN,1000000009,Фелю Димчев Фелев 10,171,ML1009,Имотечен кредит,
10004,BGN,1000000010,Фелю Димчев Фелев 11,161,ML1010,Имотечен кредит,
10005,BGN,1000000011,Фелю Димчев Фелев 12,181,ML1011,Имотечен кредит,
10004,BGN,1000000012,Фелю Димчев Фелев 13,171,ML1012,Имотечен кредит,
10005,BGN,1000000013,Фелю Димчев Фелев 14,171,ML1013,Имотечен кредит,
10006,BGN,1000000014,Фелю Димчев Фелев 15,171,ML1014,Имотечен кредит,
10005,BGN,1000000015,Фелю Димчев Фелев 16,181,ML1015,Имотечен кредит,
10006,BGN,1000000016,Фелю Димчев Фелев 17,161,ML1016,Имотечен кредит,
10007,BGN,1000000017,Фелю Димчев Фелев 18,161,ML1017,Имотечен кредит,
10006,BGN,1000000018,Фелю Димчев Фелев 19,171,ML1018,Имотечен кредит,
10007,BGN,1000000019,Фелю Димчев Фелев 20,181,ML1019,Имотечен кредит,
10008,BGN,1000000020,Фелю Димчев Фелев 21,161,ML1020,Имотечен кредит,
10007,BGN,1000000021,Фелю Димчев Фелев 22,161,ML1021,Имотечен кредит,
10008,BGN,1000000022,Фелю Димчев Фелев 23,171,ML1022,Имотечен кредит,
10009,BGN,1000000023,Фелю Димчев Фелев 24,181,ML1023,Имотечен кредит,
10008,BGN,1000000024,Фелю Димчев Фелев 25,161,ML1024,Имотечен кредит,
10009,BGN,1000000025,Фелю Димчев Фелев 26,161,ML1025,Имотечен кредит,
10010,BGN,1000000026,Фелю Димчев Фелев 27,171,ML1026,Имотечен кредит,
10009,BGN,1000000027,Фелю Димчев Фелев 28,181,ML1027,Имотечен кредит,
10010,BGN,1000000028,Фелю Димчев Фелев 29,161,ML1028,Имотечен кредит,
10011,BGN,1000000029,Фелю Димчев Фелев 30,161,ML1029,Имотечен кредит,
10010,BGN,1000000030,Фелю Димчев Фелев 31,171,ML1030,Имотечен кредит,
10011,BGN,1000000031,Фелю Димчев Фелев 32,181,ML1031,Имотечен кредит,
10012,BGN,1000000032,Фелю Димчев Фелев 33,161,ML1032,Имотечен кредит,
10011,BGN,1000000033,Фелю Димчев Фелев 34,171,ML1033,Имотечен кредит,
10012,BGN,1000000034,Фелю Димчев Фелев 35,181,ML1034,Имотечен кредит,
10013,BGN,1000000035,Фелю Димчев Фелев 36,161,ML1035,Имотечен кредит,
10012,BGN,1000000036,Фелю Димчев Фелев 37,161,ML1036,Имотечен кредит,
10013,BGN,1000000037,Фелю Димчев Фелев 38,171,ML1037,Имотечен кредит,
10014,BGN,1000000038,Фелю Димчев Фелев 39,181,ML1038,Имотечен кредит,
10013,BGN,1000000039,Фелю Димчев Фелев 40,161,ML1039,Имотечен кредит,
10014,BGN,1000000040,Фелю Димчев Фелев 41,161,ML1040,Имотечен кредит,
10015,BGN,1000000041,Фелю Димчев Фелев 42,171,ML1041,Имотечен кредит,
10014,BGN,1000000042,Фелю Димчев Фелев 43,181,ML1042,Имотечен кредит,
10015,BGN,1000000043,Фелю Димчев Фелев 44,161,ML1043,Имотечен кредит,
10016,BGN,1000000044,Фелю Димчев Фелев 45,161,ML1044,Имотечен кредит,
10015,BGN,1000000045,Фелю Димчев Фелев 46,171,ML1045,Имотечен кредит,
10016,BGN,1000000046,Фелю Димчев Фелев 47,181,ML1046,Имотечен кредит,
10017,BGN,1000000047,Фелю Димчев Фелев 48,161,ML1047,Имотечен кредит,
10016,BGN,1000000048,Фелю Димчев Фелев 49,161,ML1048,Имотечен кредит,
10017,BGN,1000000049,Фелю Димчев Фелев 50,171,ML1049,Имотечен кредит,
10018,BGN,1000000050,Фелю Димчев Фелев 51,181,ML1050,Имотечен кредит,
10017,BGN,1000000051,Фелю Димчев Фелев 52,161,ML1051,Имотечен кредит,
10018,BGN,1000000052,Фелю Димчев Фелев 53,171,ML1052,Имотечен кредит,
10019,BGN,1000000053,Фелю Димчев Фелев 54,181,ML1053,Имотечен кредит,
10018,BGN,1000000054,Фелю Димчев Фелев 55,161,ML1054,Имотечен кредит,
10019,BGN,1000000055,Фелю Димчев Фелев 56,161,ML1055,Имотечен кредит,
10020,BGN,1000000056,Фелю Димчев Фелев 57,171,ML1056,Имотечен кредит,
10019,BGN,1000000057,Фелю Димчев Фелев 58,181,ML1057,Имотечен кредит,
10020,BGN,1000000058,Фелю Димчев Фелев 59,161,ML1058,Имотечен кредит,
10021,BGN,1000000059,Фелю Димчев Фелев 60,161,ML1059,Имотечен кредит,
10020,BGN,1000000060,Фелю Димчев Фелев 61,171,ML1060,Имотечен кредит,
10021,BGN,1000000061,Фелю Димчев Фелев 62,181,ML1061,Имотечен кредит,
10022,BGN,1000000062,Фелю Димчев Фелев 63,161,ML1062,Имотечен кредит,
10021,BGN,1000000063,Фелю Димчев Фелев 64,161,ML1063,Имотечен кредит,
10022,BGN,1000000064,Фелю Димчев Фелев 65,171,ML1064,Имотечен кредит,
10023,BGN,1000000065,Фелю Димчев Фелев 66,181,ML1065,Имотечен кредит,
10022,BGN,1000000066,Фелю Димчев Фелев 67,161,ML1066,Имотечен кредит,
10023,BGN,1000000067,Фелю Димчев Фелев 68,161,ML1067,Имотечен кредит,
10024,BGN,1000000068,Фелю Димчев Фелев 69,171,ML1068,Имотечен кредит,
10023,BGN,1000000069,Фелю Димчев Фелев 70,181,ML1069,Имотечен кредит,
10024,BGN,1000000070,Фелю Димчев Фелев 71,161,ML1070,Имотечен кредит,
10025,BGN,1000000071,Фелю Димчев Фелев 72,171,ML1071,Имотечен кредит,
10024,BGN,1000000072,Фелю Димчев Фелев 73,181,ML1072,Имотечен кредит,
10025,BGN,1000000073,Фелю Димчев Фелев 74,171,ML1073,Имотечен кредит,
10026,BGN,1000000074,Фелю Димчев Фелев 75,171,ML1074,Имотечен кредит,
10025,BGN,1000000075,Фелю Димчев Фелев 76,181,ML1075,Имотечен кредит,
10026,BGN,1000000076,Фелю Димчев Фелев 77,181,ML1076,Имотечен кредит,
10027,BGN,1000000077,Фелю Димчев Фелев 78,171,ML1077,Имотечен кредит,
10026,BGN,1000000078,Фелю Димчев Фелев 79,161,ML1078,Имотечен кредит,
10027,BGN,1000000079,Фелю Димчев Фелев 80,181,ML1079,Имотечен кредит,
10028,BGN,1000000080,Фелю Димчев Фелев 81,171,ML1080,Имотечен кредит,
10027,BGN,1000000081,Фелю Димчев Фелев 82,171,ML1081,Имотечен кредит,
10028,BGN,1000000082,Фелю Димчев Фелев 83,171,ML1082,Имотечен кредит,
10029,BGN,1000000083,Фелю Димчев Фелев 84,181,ML1083,Имотечен кредит,
10028,BGN,1000000084,Фелю Димчев Фелев 85,161,ML1084,Имотечен кредит,
10029,BGN,1000000085,Фелю Димчев Фелев 86,161,ML1085,Имотечен кредит,
10030,BGN,1000000086,Фелю Димчев Фелев 87,171,ML1086,Имотечен кредит,
10029,BGN,1000000087,Фелю Димчев Фелев 88,181,ML1087,Имотечен кредит,
10030,BGN,1000000088,Фелю Димчев Фелев 89,161,ML1088,Имотечен кредит,
10031,BGN,1000000089,Фелю Димчев Фелев 90,161,ML1089,Имотечен кредит,
10030,BGN,1000000090,Фелю Димчев Фелев 91,171,ML1090,Имотечен кредит,
10031,BGN,1000000091,Фелю Димчев Фелев 92,181,ML1091,Имотечен кредит,
10032,BGN,1000000092,Фелю Димчев Фелев 93,161,ML1092,Имотечен кредит,
10031,BGN,1000000093,Фелю Димчев Фелев 94,161,ML1093,Имотечен кредит,
10032,BGN,1000000094,Фелю Димчев Фелев 95,171,ML1094,Имотечен кредит,
10033,BGN,1000000095,Фелю Димчев Фелев 96,181,ML1095,Имотечен кредит,
10032,BGN,1000000096,Фелю Димчев Фелев 97,161,ML1096,Имотечен кредит,
10033,BGN,1000000097,Фелю Димчев Фелев 98,161,ML1097,Имотечен кредит,
10034,BGN,1000000098,Фелю Димчев Фелев 99,171,ML1098,Имотечен кредит,
10033,BGN,1000000099,Фелю Димчев Фелев 100,181,ML1099,Имотечен кредит,
10034,BGN,1000000100,Фелю Димчев Фелев 101,161,ML1100,Имотечен кредит,
10035,BGN,1000000101,Фелю Димчев Фелев 102,171,ML1101,Имотечен кредит,
10034,BGN,1000000102,Фелю Димчев Фелев 103,181,ML1102,Имотечен кредит,
10035,BGN,1000000103,Фелю Димчев Фелев 104,161,ML1103,Имотечен кредит,
10036,BGN,1000000104,Фелю Димчев Фелев 105,161,ML1104,Имотечен кредит,
10035,BGN,1000000105,Фелю Димчев Фелев 106,171,ML1105,Имотечен кредит,
10036,BGN,1000000106,Фелю Димчев Фелев 107,181,ML1106,Имотечен кредит,
10037,BGN,1000000107,Фелю Димчев Фелев 108,161,ML1107,Имотечен кредит,
10036,BGN,1000000108,Фелю Димчев Фелев 109,161,ML1108,Имотечен кредит,
10037,BGN,1000000109,Фелю Димчев Фелев 110,171,ML1109,Имотечен кредит,
10038,BGN,1000000110,Фелю Димчев Фелев 111,181,ML1110,Имотечен кредит,
10037,BGN,1000000111,Фелю Димчев Фелев 112,161,ML1111,Имотечен кредит,
10038,BGN,1000000112,Фелю Димчев Фелев 113,161,ML1112,Имотечен кредит,
10039,BGN,1000000113,Фелю Димчев Фелев 114,171,ML1113,Имотечен кредит,
10038,BGN,1000000114,Фелю Димчев Фелев 115,181,ML1114,Имотечен кредит,
10039,BGN,1000000115,Фелю Димчев Фелев 116,161,ML1115,Имотечен кредит,
10040,BGN,1000000116,Фелю Димчев Фелев 117,161,ML1116,Имотечен кредит,
10039,BGN,1000000117,Фелю Димчев Фелев 118,171,ML1117,Имотечен кредит,
10040,BGN,1000000118,Фелю Димчев Фелев 119,181,ML1118,Имотечен кредит,
10041,BGN,1000000119,Фелю Димчев Фелев 120,161,ML1119,Имотечен кредит,
10040,BGN,1000000120,Фелю Димчев Фелев 121,171,ML1120,Имотечен кредит,
10041,BGN,1000000121,Фелю Димчев Фелев 122,181,ML1121,Имотечен кредит,
10042,BGN,1000000122,Фелю Димчев Фелев 123,161,ML1122,Имотечен кредит,
10041,BGN,1000000123,Фелю Димчев Фелев 124,161,ML1123,Имотечен кредит,
10042,BGN,1000000124,Фелю Димчев Фелев 125,171,ML1124,Имотечен кредит,
10043,BGN,1000000125,Фелю Димчев Фелев 126,181,ML1125,Имотечен кредит,
10042,BGN,1000000126,Фелю Димчев Фелев 127,161,ML1126,Имотечен кредит,
10043,BGN,1000000127,Фелю Димчев Фелев 128,161,ML1127,Имотечен кредит,
10044,BGN,1000000128,Фелю Димчев Фелев 129,171,ML1128,Имотечен кредит,
10043,BGN,1000000129,Фелю Димчев Фелев 130,181,ML1129,Имотечен кредит,
10044,BGN,1000000130,Фелю Димчев Фелев 131,161,ML1130,Имотечен кредит,
10045,BGN,1000000131,Фелю Димчев Фелев 132,161,ML1131,Имотечен кредит,
10044,BGN,1000000132,Фелю Димчев Фелев 133,171,ML1132,Имотечен кредит,
10045,BGN,1000000133,Фелю Димчев Фелев 134,181,ML1133,Имотечен кредит,
10046,BGN,1000000134,Фелю Димчев Фелев 135,161,ML1134,Имотечен кредит,
10045,BGN,1000000135,Фелю Димчев Фелев 136,161,ML1135,Имотечен кредит,
10046,BGN,1000000136,Фелю Димчев Фелев 137,171,ML1136,Имотечен кредит,
10047,BGN,1000000137,Фелю Димчев Фелев 138,181,ML1137,Имотечен кредит,
10046,BGN,1000000138,Фелю Димчев Фелев 139,161,ML1138,Имотечен кредит,
10047,BGN,1000000139,Фелю Димчев Фелев 140,171,ML1139,Имотечен кредит,
10048,BGN,1000000140,Фелю Димчев Фелев 141,181,ML1140,Имотечен кредит,
10047,BGN,1000000141,Фелю Димчев Фелев 142,171,ML1141,Имотечен кредит,
10048,BGN,1000000142,Фелю Димчев Фелев 143,171,ML1142,Имотечен кредит,
10049,BGN,1000000143,Фелю Димчев Фелев 144,181,ML1143,Имотечен кредит,
10048,BGN,1000000144,Фелю Димчев Фелев 145,181,ML1144,Имотечен кредит,
10049,BGN,1000000145,Фелю Димчев Фелев 146,171,ML1145,Имотечен кредит,
10050,BGN,1000000146,Фелю Димчев Фелев 147,161,ML1146,Имотечен кредит,
10049,BGN,1000000147,Фелю Димчев Фелев 148,181,ML1147,Имотечен кредит,
10050,BGN,1000000148,Фелю Димчев Фелев 149,171,ML1148,Имотечен кредит,
10051,BGN,1000000149,Фелю Димчев Фелев 150,171,ML1149,Имотечен кредит,
10050,BGN,1000000150,Фелю Димчев Фелев 151,171,ML1150,Имотечен кредит,
10051,BGN,1000000151,Фелю Димчев Фелев 152,181,ML1151,Имотечен кредит,
10052,BGN,1000000152,Фелю Димчев Фелев 153,161,ML1152,Имотечен кредит,
10051,BGN,1000000153,Фелю Димчев Фелев 154,161,ML1153,Имотечен кредит,
10052,BGN,1000000154,Фелю Димчев Фелев 155,171,ML1154,Имотечен кредит,
10053,BGN,1000000155,Фелю Димчев Фелев 156,181,ML1155,Имотечен кредит,
10052,BGN,1000000156,Фелю Димчев Фелев 157,161,ML1156,Имотечен кредит,
10053,BGN,1000000157,Фелю Димчев Фелев 158,161,ML1157,Имотечен кредит,
10054,BGN,1000000158,Фелю Димчев Фелев 159,171,ML1158,Имотечен кредит,
10053,BGN,1000000159,Фелю Димчев Фелев 160,181,ML1159,Имотечен кредит,
10054,BGN,1000000160,Фелю Димчев Фелев 161,161,ML1160,Имотечен кредит,
10055,BGN,1000000161,Фелю Димчев Фелев 162,161,ML1161,Имотечен кредит,
10054,BGN,1000000162,Фелю Димчев Фелев 163,171,ML1162,Имотечен кредит,
10055,BGN,1000000163,Фелю Димчев Фелев 164,181,ML1163,Имотечен кредит,
10056,BGN,1000000164,Фелю Димчев Фелев 165,161,ML1164,Имотечен кредит,
10055,BGN,1000000165,Фелю Димчев Фелев 166,161,ML1165,Имотечен кредит,
10056,BGN,1000000166,Фелю Димчев Фелев 167,171,ML1166,Имотечен кредит,
10057,BGN,1000000167,Фелю Димчев Фелев 168,181,ML1167,Имотечен кредит,
10056,BGN,1000000168,Фелю Димчев Фелев 169,161,ML1168,Имотечен кредит,
10057,BGN,1000000169,Фелю Димчев Фелев 170,171,ML1169,Имотечен кредит,
10058,BGN,1000000170,Фелю Димчев Фелев 171,181,ML1170,Имотечен кредит,
10057,BGN,1000000171,Фелю Димчев Фелев 172,161,ML1171,Имотечен кредит,
10058,BGN,1000000172,Фелю Димчев Фелев 173,161,ML1172,Имотечен кредит,
10059,BGN,1000000173,Фелю Димчев Фелев 174,171,ML1173,Имотечен кредит,
10058,BGN,1000000174,Фелю Димчев Фелев 175,181,ML1174,Имотечен кредит,
10059,BGN,1000000175,Фелю Димчев Фелев 176,161,ML1175,Имотечен кредит,
10060,BGN,1000000176,Фелю Димчев Фелев 177,161,ML1176,Имотечен кредит,
10059,BGN,1000000177,Фелю Димчев Фелев 178,171,ML1177,Имотечен кредит,
10060,BGN,1000000178,Фелю Димчев Фелев 179,181,ML1178,Имотечен кредит,
10061,BGN,1000000179,Фелю Димчев Фелев 180,161,ML1179,Имотечен кредит,
10060,BGN,1000000180,Фелю Димчев Фелев 181,161,ML1180,Имотечен кредит,
10061,BGN,1000000181,Фелю Димчев Фелев 182,171,ML1181,Имотечен кредит,
10062,BGN,1000000182,Фелю Димчев Фелев 183,181,ML1182,Имотечен кредит,
10061,BGN,1000000183,Фелю Димчев Фелев 184,161,ML1183,Имотечен кредит,
10062,BGN,1000000184,Фелю Димчев Фелев 185,161,ML1184,Имотечен кредит,
10063,BGN,1000000185,Фелю Димчев Фелев 186,171,ML1185,Имотечен кредит,
10062,BGN,1000000186,Фелю Димчев Фелев 187,181,ML1186,Имотечен кредит,
10063,BGN,1000000187,Фелю Димчев Фелев 188,161,ML1187,Имотечен кредит,
10064,BGN,1000000188,Фелю Димчев Фелев 189,171,ML1188,Имотечен кредит,
10063,BGN,1000000189,Фелю Димчев Фелев 190,181,ML1189,Имотечен кредит,
10064,BGN,1000000190,Фелю Димчев Фелев 191,161,ML1190,Имотечен кредит,
10065,BGN,1000000191,Фелю Димчев Фелев 192,161,ML1191,Имотечен кредит,
10064,BGN,1000000192,Фелю Димчев Фелев 193,171,ML1192,Имотечен кредит,
10065,BGN,1000000193,Фелю Димчев Фелев 194,181,ML1193,Имотечен кредит,
10066,BGN,1000000194,Фелю Димчев Фелев 195,161,ML1194,Имотечен кредит,
10065,BGN,1000000195,Фелю Димчев Фелев 196,161,ML1195,Имотечен кредит,
10066,BGN,1000000196,Фелю Димчев Фелев 197,171,ML1196,Имотечен кредит,
10067,BGN,1000000197,Фелю Димчев Фелев 198,181,ML1197,Имотечен кредит,
10066,BGN,1000000198,Фелю Димчев Фелев 199,161,ML1198,Имотечен кредит,
10067,BGN,1000000199,Фелю Димчев Фелев 200,161,ML1199,Имотечен кредит,
10068,BGN,1000000200,Фелю Димчев Фелев 201,171,ML1200,Имотечен кредит,
10067,BGN,1000000201,Фелю Димчев Фелев 202,181,ML1201,Имотечен кредит,
10068,BGN,1000000202,Фелю Димчев Фелев 203,161,ML1202,Имотечен кредит,
10069,BGN,1000000203,Фелю Димчев Фелев 204,161,ML1203,Имотечен кредит,
10068,BGN,1000000204,Фелю Димчев Фелев 205,171,ML1204,Имотечен кредит,
10069,BGN,1000000205,Фелю Димчев Фелев 206,181,ML1205,Имотечен кредит,
10070,BGN,1000000206,Фелю Димчев Фелев 207,161,ML1206,Имотечен кредит,
10069,BGN,1000000207,Фелю Димчев Фелев 208,171,ML1207,Имотечен кредит,
10070,BGN,1000000208,Фелю Димчев Фелев 209,181,ML1208,Имотечен кредит,
10071,BGN,1000000209,Фелю Димчев Фелев 210,171,ML1209,Имотечен кредит,
10070,BGN,1000000210,Фелю Димчев Фелев 211,171,ML1210,Имотечен кредит,
10071,BGN,1000000211,Фелю Димчев Фелев 212,181,ML1211,Имотечен кредит,
10072,BGN,1000000212,Фелю Димчев Фелев 213,181,ML1212,Имотечен кредит,
10071,BGN,1000000213,Фелю Димчев Фелев 214,171,ML1213,Имотечен кредит,
10072,BGN,1000000214,Фелю Димчев Фелев 215,161,ML1214,Имотечен кредит,
10073,BGN,1000000215,Фелю Димчев Фелев 216,181,ML1215,Имотечен кредит,
10072,BGN,1000000216,Фелю Димчев Фелев 217,171,ML1216,Имотечен кредит,
10073,BGN,1000000217,Фелю Димчев Фелев 218,171,ML1217,Имотечен кредит,
10074,BGN,1000000218,Фелю Димчев Фелев 219,171,ML1218,Имотечен кредит,
10073,BGN,1000000219,Фелю Димчев Фелев 220,181,ML1219,Имотечен кредит,
10074,BGN,1000000220,Фелю Димчев Фелев 221,161,ML1220,Имотечен кредит,
10075,BGN,1000000221,Фелю Димчев Фелев 222,161,ML1221,Имотечен кредит,
10074,BGN,1000000222,Фелю Димчев Фелев 223,171,ML1222,Имотечен кредит,
10075,BGN,1000000223,Фелю Димчев Фелев 224,181,ML1223,Имотечен кредит,
10076,BGN,1000000224,Фелю Димчев Фелев 225,161,ML1224,Имотечен кредит,
10075,BGN,1000000225,Фелю Димчев Фелев 226,161,ML1225,Имотечен кредит,
10076,BGN,1000000226,Фелю Димчев Фелев 227,171,ML1226,Имотечен кредит,
10077,BGN,1000000227,Фелю Димчев Фелев 228,181,ML1227,Имотечен кредит,
10076,BGN,1000000228,Фелю Димчев Фелев 229,161,ML1228,Имотечен кредит,
10077,BGN,1000000229,Фелю Димчев Фелев 230,161,ML1229,Имотечен кредит,
10078,BGN,1000000230,Фелю Димчев Фелев 231,171,ML1230,Имотечен кредит,
10077,BGN,1000000231,Фелю Димчев Фелев 232,181,ML1231,Имотечен кредит,
10078,BGN,1000000232,Фелю Димчев Фелев 233,161,ML1232,Имотечен кредит,
10079,BGN,1000000233,Фелю Димчев Фелев 234,161,ML1233,Имотечен кредит,
10078,BGN,1000000234,Фелю Димчев Фелев 235,171,ML1234,Имотечен кредит,
10079,BGN,1000000235,Фелю Димчев Фелев 236,181,ML1235,Имотечен кредит,
10080,BGN,1000000236,Фелю Димчев Фелев 237,161,ML1236,Имотечен кредит,
10079,BGN,1000000237,Фелю Димчев Фелев 238,171,ML1237,Имотечен кредит,
10080,BGN,1000000238,Фелю Димчев Фелев 239,181,ML1238,Имотечен кредит,
10081,BGN,1000000239,Фелю Димчев Фелев 240,161,ML1239,Имотечен кредит,
10080,BGN,1000000240,Фелю Димчев Фелев 241,161,ML1240,Имотечен кредит,
10081,BGN,1000000241,Фелю Димчев Фелев 242,171,ML1241,Имотечен кредит,
10082,BGN,1000000242,Фелю Димчев Фелев 243,181,ML1242,Имотечен кредит,
10081,BGN,1000000243,Фелю Димчев Фелев 244,161,ML1243,Имотечен кредит,
10082,BGN,1000000244,Фелю Димчев Фелев 245,161,ML1244,Имотечен кредит,
10083,BGN,1000000245,Фелю Димчев Фелев 246,171,ML1245,Имотечен кредит,
10082,BGN,1000000246,Фелю Димчев Фелев 247,181,ML1246,Имотечен кредит,
10083,BGN,1000000247,Фелю Димчев Фелев 248,161,ML1247,Имотечен кредит,
10084,BGN,1000000248,Фелю Димчев Фелев 249,161,ML1248,Имотечен кредит,
10083,BGN,1000000249,Фелю Димчев Фелев 250,171,ML1249,Имотечен кредит,
10084,BGN,1000000250,Фелю Димчев Фелев 251,181,ML1250,Имотечен кредит,
10085,BGN,1000000251,Фелю Димчев Фелев 252,161,ML1251,Имотечен кредит,
10084,BGN,1000000252,Фелю Димчев Фелев 253,161,ML1252,Имотечен кредит,
10085,BGN,1000000253,Фелю Димчев Фелев 254,171,ML1253,Имотечен кредит,
10086,BGN,1000000254,Фелю Димчев Фелев 255,181,ML1254,Имотечен кредит,
10085,BGN,1000000255,Фелю Димчев Фелев 256,161,ML1255,Имотечен кредит,
10086,BGN,1000000256,Фелю Димчев Фелев 257,171,ML1256,Имотечен кредит,
10087,BGN,1000000257,Фелю Димчев Фелев 258,181,ML1257,Имотечен кредит,
10086,BGN,1000000258,Фелю Димчев Фелев 259,161,ML1258,Имотечен кредит,
10087,BGN,1000000259,Фелю Димчев Фелев 260,161,ML1259,Имотечен кредит,
10088,BGN,1000000260,Фелю Димчев Фелев 261,171,ML1260,Имотечен кредит,
10087,BGN,1000000261,Фелю Димчев Фелев 262,181,ML1261,Имотечен кредит,
10088,BGN,1000000262,Фелю Димчев Фелев 263,161,ML1262,Имотечен кредит,
10089,BGN,1000000263,Фелю Димчев Фелев 264,161,ML1263,Имотечен кредит,
10088,BGN,1000000264,Фелю Димчев Фелев 265,171,ML1264,Имотечен кредит,
10089,BGN,1000000265,Фелю Димчев Фелев 266,181,ML1265,Имотечен кредит,
10090,BGN,1000000266,Фелю Димчев Фелев 267,161,ML1266,Имотечен кредит,
10089,BGN,1000000267,Фелю Димчев Фелев 268,161,ML1267,Имотечен кредит,
10090,BGN,1000000268,Фелю Димчев Фелев 269,171,ML1268,Имотечен кредит,
10091,BGN,1000000269,Фелю Димчев Фелев 270,181,ML1269,Имотечен кредит,
10090,BGN,1000000270,Фелю Димчев Фелев 271,161,ML1270,Имотечен кредит,
10091,BGN,1000000271,Фелю Димчев Фелев 272,161,ML1271,Имотечен кредит,
10092,BGN,1000000272,Фелю Димчев Фелев 273,171,ML1272,Имотечен кредит,
10091,BGN,1000000273,Фелю Димчев Фелев 274,181,ML1273,Имотечен кредит,
10092,BGN,1000000274,Фелю Димчев Фелев 275,161,ML1274,Имотечен кредит,
10093,BGN,1000000275,Фелю Димчев Фелев 276,171,ML1275,Имотечен кредит,
10092,BGN,1000000276,Фелю Димчев Фелев 277,181,ML1276,Имотечен кредит,
10093,BGN,1000000277,Фелю Димчев Фелев 278,171,ML1277,Имотечен кредит,
10094,BGN,1000000278,Фелю Димчев Фелев 279,171,ML1278,Имотечен кредит,
10093,BGN,1000000279,Фелю Димчев Фелев 280,181,ML1279,Имотечен кредит,
10094,BGN,1000000280,Фелю Димчев Фелев 281,181,ML1280,Имотечен кредит,
10095,BGN,1000000281,Фелю Димчев Фелев 282,171,ML1281,Имотечен кредит,
10094,BGN,1000000282,Фелю Димчев Фелев 283,161,ML1282,Имотечен кредит,
10095,BGN,1000000283,Фелю Димчев Фелев 284,181,ML1283,Имотечен кредит,
10096,BGN,1000000284,Фелю Димчев Фелев 285,171,ML1284,Имотечен кредит,
10095,BGN,1000000285,Фелю Димчев Фелев 286,171,ML1285,Имотечен кредит,
10096,BGN,1000000286,Фелю Димчев Фелев 287,171,ML1286,Имотечен кредит,
10097,BGN,1000000287,Фелю Димчев Фелев 288,181,ML1287,Имотечен кредит,
10096,BGN,1000000288,Фелю Димчев Фелев 289,161,ML1288,Имотечен кредит,
10097,BGN,1000000289,Фелю Димчев Фелев 290,161,ML1289,Имотечен кредит,
10098,BGN,1000000290,Фелю Димчев Фелев 291,171,ML1290,Имотечен кредит,
10097,BGN,1000000291,Фелю Димчев Фелев 292,181,ML1291,Имотечен кредит,
10098,BGN,1000000292,Фелю Димчев Фелев 293,161,ML1292,Имотечен кредит,
10099,BGN,1000000293,Фелю Димчев Фелев 294,161,ML1293,Имотечен кредит,
10098,BGN,1000000294,Фелю Димчев Фелев 295,171,ML1294,Имотечен кредит,
10099,BGN,1000000295,Фелю Димчев Фелев 296,181,ML1295,Имотечен кредит,
10100,BGN,1000000296,Фелю Димчев Фелев 297,161,ML1296,Имотечен кредит,
10099,BGN,1000000297,Фелю Димчев Фелев 298,161,ML1297,Имотечен кредит,
10100,BGN,1000000298,Фелю Димчев Фелев 299,171,ML1298,Имотечен кредит,
10101,BGN,1000000299,Фелю Димчев Фелев 300,181,ML1299,Имотечен кредит,
10100,BGN,1000000300,Фелю Димчев Фелев 301,161,ML1300,Имотечен кредит,
10101,BGN,1000000301,Фелю Димчев Фелев 302,161,ML1301,Имотечен кредит,
10102,BGN,1000000302,Фелю Димчев Фелев 303,171,ML1302,Имотечен кредит,
10101,BGN,1000000303,Фелю Димчев Фелев 304,181,ML1303,Имотечен кредит,
10102,BGN,1000000304,Фелю Димчев Фелев 305,161,ML1304,Имотечен кредит,
10103,BGN,1000000305,Фелю Димчев Фелев 306,171,ML1305,Имотечен кредит,
10102,BGN,1000000306,Фелю Димчев Фелев 307,181,ML1306,Имотечен кредит,
10103,BGN,1000000307,Фелю Димчев Фелев 308,161,ML1307,Имотечен кредит,
10104,BGN,1000000308,Фелю Димчев Фелев 309,161,ML1308,Имотечен кредит,
10103,BGN,1000000309,Фелю Димчев Фелев 310,171,ML1309,Имотечен кредит,
10104,BGN,1000000310,Фелю Димчев Фелев 311,181,ML1310,Имотечен кредит,
10105,BGN,1000000311,Фелю Димчев Фелев 312,161,ML1311,Имотечен кредит,
10104,BGN,1000000312,Фелю Димчев Фелев 313,161,ML1312,Имотечен кредит,
10105,BGN,1000000313,Фелю Димчев Фелев 314,171,ML1313,Имотечен кредит,
10106,BGN,1000000314,Фелю Димчев Фелев 315,181,ML1314,Имотечен кредит,
10105,BGN,1000000315,Фелю Димчев Фелев 316,161,ML1315,Имотечен кредит,
10106,BGN,1000000316,Фелю Димчев Фелев 317,161,ML1316,Имотечен кредит,
10107,BGN,1000000317,Фелю Димчев Фелев 318,171,ML1317,Имотечен кредит,
10106,BGN,1000000318,Фелю Димчев Фелев 319,181,ML1318,Имотечен кредит,
10107,BGN,1000000319,Фелю Димчев Фелев 320,161,ML1319,Имотечен кредит,
10108,BGN,1000000320,Фелю Димчев Фелев 321,161,ML1320,Имотечен кредит,
10107,BGN,1000000321,Фелю Димчев Фелев 322,171,ML1321,Имотечен кредит,
10108,BGN,1000000322,Фелю Димчев Фелев 323,181,ML1322,Имотечен кредит,
10109,BGN,1000000323,Фелю Димчев Фелев 324,161,ML1323,Имотечен кредит,
10108,BGN,1000000324,Фелю Димчев Фелев 325,171,ML1324,Имотечен кредит,
10109,BGN,1000000325,Фелю Димчев Фелев 326,181,ML1325,Имотечен кредит,
10110,BGN,1000000326,Фелю Димчев Фелев 327,161,ML1326,Имотечен кредит,
10109,BGN,1000000327,Фелю Димчев Фелев 328,161,ML1327,Имотечен кредит,
10110,BGN,1000000328,Фелю Димчев Фелев 329,171,ML1328,Имотечен кредит,
10111,BGN,1000000329,Фелю Димчев Фелев 330,181,ML1329,Имотечен кредит,
10110,BGN,1000000330,Фелю Димчев Фелев 331,161,ML1330,Имотечен кредит,
10111,BGN,1000000331,Фелю Димчев Фелев 332,161,ML1331,Имотечен кредит,
10112,BGN,1000000332,Фелю Димчев Фелев 333,171,ML1332,Имотечен кредит,
10111,BGN,1000000333,Фелю Димчев Фелев 334,181,ML1333,Имотечен кредит,
10112,BGN,1000000334,Фелю Димчев Фелев 335,161,ML1334,Имотечен кредит,
10113,BGN,1000000335,Фелю Димчев Фелев 336,161,ML1335,Имотечен кредит,
10112,BGN,1000000336,Фелю Димчев Фелев 337,171,ML1336,Имотечен кредит,
10113,BGN,1000000337,Фелю Димчев Фелев 338,181,ML1337,Имотечен кредит,
10114,BGN,1000000338,Фелю Димчев Фелев 339,161,ML1338,Имотечен кредит,
10113,BGN,1000000339,Фелю Димчев Фелев 340,161,ML1339,Имотечен кредит,
10114,BGN,1000000340,Фелю Димчев Фелев 341,171,ML1340,Имотечен кредит,
10115,BGN,1000000341,Фелю Димчев Фелев 342,181,ML1341,Имотечен кредит,
10114,BGN,1000000342,Фелю Димчев Фелев 343,161,ML1342,Имотечен кредит,
10115,BGN,1000000343,Фелю Димчев Фелев 344,171,ML1343,Имотечен кредит,
10116,BGN,1000000344,Фелю Димчев Фелев 345,181,ML1344,Имотечен кредит,
10115,BGN,1000000345,Фелю Димчев Фелев 346,171,ML1345,Имотечен кредит,
10116,BGN,1000000346,Фелю Димчев Фелев 347,171,ML1346,Имотечен кредит,
10117,BGN,1000000347,Фелю Димчев Фелев 348,181,ML1347,Имотечен кредит,
10116,BGN,1000000348,Фелю Димчев Фелев 349,181,ML1348,Имотечен кредит,
10117,BGN,1000000349,Фелю Димчев Фелев 350,171,ML1349,Имотечен кредит,
10118,BGN,1000000350,Фелю Димчев Фелев 351,161,ML1350,Имотечен кредит,
10117,BGN,1000000351,Фелю Димчев Фелев 352,181,ML1351,Имотечен кредит,
10118,BGN,1000000352,Фелю Димчев Фелев 353,171,ML1352,Имотечен кредит,
10119,BGN,1000000353,Фелю Димчев Фелев 354,171,ML1353,Имотечен кредит,
10118,BGN,1000000354,Фелю Димчев Фелев 355,171,ML1354,Имотечен кредит,
10119,BGN,1000000355,Фелю Димчев Фелев 356,181,ML1355,Имотечен кредит,
10120,BGN,1000000356,Фелю Димчев Фелев 357,161,ML1356,Имотечен кредит,
10119,BGN,1000000357,Фелю Димчев Фелев 358,161,ML1357,Имотечен кредит,
10120,BGN,1000000358,Фелю Димчев Фелев 359,171,ML1358,Имотечен кредит,
10121,BGN,1000000359,Фелю Димчев Фелев 360,181,ML1359,Имотечен кредит,
10120,BGN,1000000360,Фелю Димчев Фелев 361,161,ML1360,Имотечен кредит,
10121,BGN,1000000361,Фелю Димчев Фелев 362,161,ML1361,Имотечен кредит,
10122,BGN,1000000362,Фелю Димчев Фелев 363,171,ML1362,Имотечен кредит,
10121,BGN,1000000363,Фелю Димчев Фелев 364,181,ML1363,Имотечен кредит,
10122,BGN,1000000364,Фелю Димчев Фелев 365,161,ML1364,Имотечен кредит,
10123,BGN,1000000365,Фелю Димчев Фелев 366,161,ML1365,Имотечен кредит,
10122,BGN,1000000366,Фелю Димчев Фелев 367,171,ML1366,Имотечен кредит,
10123,BGN,1000000367,Фелю Димчев Фелев 368,181,ML1367,Имотечен кредит,
10124,BGN,1000000368,Фелю Димчев Фелев 369,161,ML1368,Имотечен кредит,
10123,BGN,1000000369,Фелю Димчев Фелев 370,161,ML1369,Имотечен кредит,
10124,BGN,1000000370,Фелю Димчев Фелев 371,171,ML1370,Имотечен кредит,
10125,BGN,1000000371,Фелю Димчев Фелев 372,181,ML1371,Имотечен кредит,
10124,BGN,1000000372,Фелю Димчев Фелев 373,161,ML1372,Имотечен кредит,
10125,BGN,1000000373,Фелю Димчев Фелев 374,171,ML1373,Имотечен кредит,
10126,BGN,1000000374,Фелю Димчев Фелев 375,181,ML1374,Имотечен кредит,
10125,BGN,1000000375,Фелю Димчев Фелев 376,161,ML1375,Имотечен кредит,
10126,BGN,1000000376,Фелю Димчев Фелев 377,161,ML1376,Имотечен кредит,
10127,BGN,1000000377,Фелю Димчев Фелев 378,171,ML1377,Имотечен кредит,
10126,BGN,1000000378,Фелю Димчев Фелев 379,181,ML1378,Имотечен кредит,
10127,BGN,1000000379,Фелю Димчев Фелев 380,161,ML1379,Имотечен кредит,
10128,BGN,1000000380,Фелю Димчев Фелев 381,161,ML1380,Имотечен кредит,
10127,BGN,1000000381,Фелю Димчев Фелев 382,171,ML1381,Имотечен кредит,
10128,BGN,1000000382,Фелю Димчев Фелев 383,181,ML1382,Имотечен кредит,
10129,BGN,1000000383,Фелю Димчев Фелев 384,161,ML1383,Имотечен кредит,
10128,BGN,1000000384,Фелю Димчев Фелев 385,161,ML1384,Имотечен кредит,
10129,BGN,1000000385,Фелю Димчев Фелев 386,171,ML1385,Имотечен кредит,
10130,BGN,1000000386,Фелю Димчев Фелев 387,181,ML1386,Имотечен кредит,
10129,BGN,1000000387,Фелю Димчев Фелев 388,161,ML1387,Имотечен кредит,
10130,BGN,1000000388,Фелю Димчев Фелев 389,161,ML1388,Имотечен кредит,
10131,BGN,1000000389,Фелю Димчев Фелев 390,171,ML1389,Имотечен кредит,
10130,BGN,1000000390,Фелю Димчев Фелев 391,181,ML1390,Имотечен кредит,
